{"1280 720 plumb_bob 0.27969989": {"projection_type": "plumb_bob", "width": 1280, "height": 720, "focal_x": 0.2796998918056488, "focal_y": 0.2796998918056488, "c_x": 0.0, "c_y": 0.0, "k1": 0.0, "k2": 0.0, "p1": 0.0, "p2": 0.0, "k3": 0.0}}