{"640 480 plumb_bob 179.00791931": {"projection_type": "plumb_bob", "width": 640, "height": 480, "focal_x": 179.00791931152344, "focal_y": 268.51190185546875, "c_x": 0.0, "c_y": 0.0, "k1": 0.0, "k2": 0.0, "p1": 0.0, "p2": 0.0, "k3": 0.0}}